State,County,Population,No. of Tracts
AL,Autauga,54571,12
AL,Baldwin,182265,31
AL,Barbour,27457,9
AL,Bibb,22915,4
AL,Blount,57322,9
AL,Bullock,10914,3
AL,Butler,20947,9
AL,Calhoun,118572,31
AL,Chambers,34215,9
AL,Cherokee,25989,6
AL,Chilton,43643,9
AL,Choctaw,13859,4
AL,Clarke,25833,9
AL,Clay,13932,4
AL,Cleburne,14972,4
AL,Coffee,49948,14
AL,Colbert,54428,14
AL,Conecuh,13228,5
AL,Coosa,11539,3
AL,Covington,37765,14
AL,Crenshaw,13906,6
AL,Cullman,80406,18
AL,Dale,50251,14
AL,Dallas,43820,15
AL,DeKalb,71109,14
AL,Elmore,79303,15
AL,Escambia,38319,9
AL,Etowah,104430,30
AL,Fayette,17241,5
AL,Franklin,31704,9
AL,Geneva,26790,6
AL,Greene,9045,3
AL,Hale,15760,6
AL,Henry,17302,6
AL,Houston,101547,22
AL,Jackson,53227,11
AL,Jefferson,658466,163
AL,Lamar,14564,3
AL,Lauderdale,92709,22
AL,Lawrence,34339,9
AL,Lee,140247,27
AL,Limestone,82782,16
AL,Lowndes,11299,4
AL,Macon,21452,12
AL,Madison,334811,73
AL,Marengo,21027,6
AL,Marion,30776,8
AL,Marshall,93019,18
AL,Mobile,412992,114
AL,Monroe,23068,7
AL,Montgomery,229363,65
AL,Morgan,119490,27
AL,Perry,10591,3
AL,Pickens,19746,5
AL,Pike,32899,8
AL,Randolph,22913,6
AL,Russell,52947,13
AL,St. Clair,83593,13
AL,Shelby,195085,48
AL,Sumter,13763,4
AL,Talladega,82291,22
AL,Tallapoosa,41616,10
AL,Tuscaloosa,194656,47
AL,Walker,67023,18
AL,Washington,17581,5
AL,Wilcox,11670,4
AL,Winston,24484,7
AK,Aleutians East,3141,1
AK,Aleutians West,5561,2
AK,Anchorage,291826,55
AK,Bethel,17013,3
AK,Bristol Bay,997,1
AK,Denali,1826,1
AK,Dillingham,4847,2
AK,Fairbanks North Star,97581,19
AK,Haines,2508,1
AK,Hoonah-Angoon,2150,2
AK,Juneau,31275,6
AK,Kenai Peninsula,55400,13
AK,Ketchikan Gateway,13477,4
AK,Kodiak Island,13592,5
AK,Lake and Peninsula,1631,1
AK,Matanuska-Susitna,88995,24
AK,Nome,9492,2
AK,North Slope,9430,3
AK,Northwest Arctic,7523,2
AK,Petersburg,3815,1
AK,Prince of Wales-Hyder,5559,4
AK,Sitka,8881,2
AK,Skagway,968,1
AK,Southeast Fairbanks,7029,2
AK,Valdez-Cordova,9636,3
AK,Wade Hampton,7459,1
AK,Wrangell,2369,1
AK,Yakutat,662,1
AK,Yukon-Koyukuk,5588,4
AZ,Apache,71518,16
AZ,Cochise,131346,32
AZ,Coconino,134421,28
AZ,Gila,53597,16
AZ,Graham,37220,9
AZ,Greenlee,8437,3
AZ,La Paz,20489,9
AZ,Maricopa,3817117,916
AZ,Mohave,200186,43
AZ,Navajo,107449,31
AZ,Pima,980263,241
AZ,Pinal,375770,75
AZ,Santa Cruz,47420,10
AZ,Yavapai,211033,42
AZ,Yuma,195751,55
AR,Arkansas,19019,8
AR,Ashley,21853,7
AR,Baxter,41513,9
AR,Benton,221339,49
AR,Boone,36903,7
AR,Bradley,11508,5
AR,Calhoun,5368,2
AR,Carroll,27446,5
AR,Chicot,11800,4
AR,Clark,22995,5
AR,Clay,16083,6
AR,Cleburne,25970,7
AR,Cleveland,8689,2
AR,Columbia,24552,5
AR,Conway,21273,6
AR,Craighead,96443,17
AR,Crawford,61948,11
AR,Crittenden,50902,20
AR,Cross,17870,6
AR,Dallas,8116,3
AR,Desha,13008,5
AR,Drew,18509,5
AR,Faulkner,113237,25
AR,Franklin,18125,3
AR,Fulton,12245,2
AR,Garland,96024,20
AR,Grant,17853,4
AR,Greene,42090,9
AR,Hempstead,22609,5
AR,Hot Spring,32923,7
AR,Howard,13789,3
AR,Independence,36647,8
AR,Izard,13696,4
AR,Jackson,17997,5
AR,Jefferson,77435,24
AR,Johnson,25540,6
AR,Lafayette,7645,2
AR,Lawrence,17415,6
AR,Lee,10424,4
AR,Lincoln,14134,4
AR,Little River,13171,4
AR,Logan,22353,6
AR,Lonoke,68356,16
AR,Madison,15717,4
AR,Marion,16653,4
AR,Miller,43462,12
AR,Mississippi,46480,12
AR,Monroe,8149,3
AR,Montgomery,9487,3
AR,Nevada,8997,3
AR,Newton,8330,2
AR,Ouachita,26120,6
AR,Perry,10445,3
AR,Phillips,21757,6
AR,Pike,11291,3
AR,Poinsett,24583,7
AR,Polk,20662,6
AR,Pope,61754,11
AR,Prairie,8715,3
AR,Pulaski,382748,95
AR,Randolph,17969,4
AR,St. Francis,28258,6
AR,Saline,107118,21
AR,Scott,11233,3
AR,Searcy,8195,3
AR,Sebastian,125744,26
AR,Sevier,17058,4
AR,Sharp,17264,4
AR,Stone,12394,3
AR,Union,41639,10
AR,Van Buren,17295,5
AR,Washington,203065,32
AR,White,77076,13
AR,Woodruff,7260,2
AR,Yell,22185,6
CA,Alameda,1510271,360
CA,Alpine,1175,1
CA,Amador,38091,9
CA,Butte,220000,51
CA,Calaveras,45578,10
CA,Colusa,21419,5
CA,Contra Costa,1049025,208
CA,Del Norte,28610,7
CA,El Dorado,181058,43
CA,Fresno,930450,199
CA,Glenn,28122,6
CA,Humboldt,134623,30
CA,Imperial,174528,31
CA,Inyo,18546,6
CA,Kern,839631,151
CA,Kings,152982,27
CA,Lake,64665,15
CA,Lassen,34895,9
CA,Los Angeles,9818605,2343
CA,Madera,150865,23
CA,Marin,252409,55
CA,Mariposa,18251,6
CA,Mendocino,87841,20
CA,Merced,255793,49
CA,Modoc,9686,4
CA,Mono,14202,3
CA,Monterey,415057,93
CA,Napa,136484,40
CA,Nevada,98764,20
CA,Orange,3010232,583
CA,Placer,348432,85
CA,Plumas,20007,7
CA,Riverside,2189641,453
CA,Sacramento,1418788,317
CA,San Benito,55269,11
CA,San Bernardino,2035210,369
CA,San Diego,3095313,628
CA,San Francisco,805235,196
CA,San Joaquin,685306,139
CA,San Luis Obispo,269637,53
CA,San Mateo,718451,158
CA,Santa Barbara,423895,90
CA,Santa Clara,1781642,372
CA,Santa Cruz,262382,52
CA,Shasta,177223,48
CA,Sierra,3240,1
CA,Siskiyou,44900,14
CA,Solano,413344,96
CA,Sonoma,483878,99
CA,Stanislaus,514453,94
CA,Sutter,94737,21
CA,Tehama,63463,11
CA,Trinity,13786,5
CA,Tulare,442179,78
CA,Tuolumne,55365,11
CA,Ventura,823318,174
CA,Yolo,200849,41
CA,Yuba,72155,14
CO,Adams,441603,97
CO,Alamosa,15445,4
CO,Arapahoe,572003,147
CO,Archuleta,12084,4
CO,Baca,3788,2
CO,Bent,6499,1
CO,Boulder,294567,68
CO,Broomfield,55889,18
CO,Chaffee,17809,5
CO,Cheyenne,1836,1
CO,Clear Creek,9088,3
CO,Conejos,8256,2
CO,Costilla,3524,2
CO,Crowley,5823,1
CO,Custer,4255,1
CO,Delta,30952,7
CO,Denver,600158,144
CO,Dolores,2064,1
CO,Douglas,285465,61
CO,Eagle,52197,14
CO,Elbert,23086,7
CO,El Paso,622263,130
CO,Fremont,46824,14
CO,Garfield,56389,11
CO,Gilpin,5441,1
CO,Grand,14843,3
CO,Gunnison,15324,4
CO,Hinsdale,843,1
CO,Huerfano,6711,2
CO,Jackson,1394,1
CO,Jefferson,534543,138
CO,Kiowa,1398,1
CO,Kit Carson,8270,3
CO,Lake,7310,2
CO,La Plata,51334,10
CO,Larimer,299630,73
CO,Las Animas,15507,6
CO,Lincoln,5467,2
CO,Logan,22709,6
CO,Mesa,146723,29
CO,Mineral,712,1
CO,Moffat,13795,4
CO,Montezuma,25535,7
CO,Montrose,41276,10
CO,Morgan,28159,8
CO,Otero,18831,7
CO,Ouray,4436,1
CO,Park,16206,5
CO,Phillips,4442,2
CO,Pitkin,17148,4
CO,Prowers,12551,5
CO,Pueblo,159063,55
CO,Rio Blanco,6666,2
CO,Rio Grande,11982,3
CO,Routt,23509,8
CO,Saguache,6108,2
CO,San Juan,699,1
CO,San Miguel,7359,4
CO,Sedgwick,2379,1
CO,Summit,27994,5
CO,Teller,23350,6
CO,Washington,4814,2
CO,Weld,252825,77
CO,Yuma,10043,2
CT,Fairfield,916829,211
CT,Hartford,894014,224
CT,Litchfield,189927,51
CT,Middlesex,165676,36
CT,New Haven,862477,190
CT,New London,274055,66
CT,Tolland,152691,29
CT,Windham,118428,25
DE,Kent,162310,33
DE,New Castle,538479,131
DE,Sussex,197145,54
DC,District of Columbia,601723,179
FL,Alachua,247336,56
FL,Baker,27115,4
FL,Bay,168852,44
FL,Bradford,28520,4
FL,Brevard,543376,113
FL,Broward,1748066,361
FL,Calhoun,14625,3
FL,Charlotte,159978,39
FL,Citrus,141236,27
FL,Clay,190865,30
FL,Collier,321520,73
FL,Columbia,67531,12
FL,DeSoto,34862,9
FL,Dixie,16422,3
FL,Duval,864263,173
FL,Escambia,297619,71
FL,Flagler,95696,20
FL,Franklin,11549,4
FL,Gadsden,46389,9
FL,Gilchrist,16939,5
FL,Glades,12884,4
FL,Gulf,15863,3
FL,Hamilton,14799,3
FL,Hardee,27731,6
FL,Hendry,39140,7
FL,Hernando,172778,45
FL,Highlands,98786,27
FL,Hillsborough,1229226,321
FL,Holmes,19927,4
FL,Indian River,138028,30
FL,Jackson,49746,11
FL,Jefferson,14761,3
FL,Lafayette,8870,2
FL,Lake,297052,56
FL,Lee,618754,166
FL,Leon,275487,68
FL,Levy,40801,9
FL,Liberty,8365,2
FL,Madison,19224,5
FL,Manatee,322833,78
FL,Marion,331298,63
FL,Martin,146318,35
FL,Miami-Dade,2496435,519
FL,Monroe,73090,30
FL,Nassau,73314,12
FL,Okaloosa,180822,41
FL,Okeechobee,39996,12
FL,Orange,1145956,207
FL,Osceola,268685,41
FL,Palm Beach,1320134,337
FL,Pasco,464697,134
FL,Pinellas,916542,245
FL,Polk,602095,154
FL,Putnam,74364,17
FL,St. Johns,190039,40
FL,St. Lucie,277789,44
FL,Santa Rosa,151372,25
FL,Sarasota,379448,94
FL,Seminole,422718,86
FL,Sumter,93420,19
FL,Suwannee,41551,7
FL,Taylor,22570,4
FL,Union,15535,3
FL,Volusia,494593,113
FL,Wakulla,30776,4
FL,Walton,55043,11
FL,Washington,24896,7
GA,Appling,18236,5
GA,Atkinson,8375,3
GA,Bacon,11096,3
GA,Baker,3451,2
GA,Baldwin,45720,9
GA,Banks,18395,4
GA,Barrow,69367,18
GA,Bartow,100157,15
GA,Ben Hill,17634,5
GA,Berrien,19286,6
GA,Bibb,155547,44
GA,Bleckley,13063,3
GA,Brantley,18411,3
GA,Brooks,16243,5
GA,Bryan,30233,7
GA,Bulloch,70217,12
GA,Burke,23316,6
GA,Butts,23655,3
GA,Calhoun,6694,2
GA,Camden,50513,10
GA,Candler,10998,3
GA,Carroll,110527,17
GA,Catoosa,63942,11
GA,Charlton,12171,2
GA,Chatham,265128,72
GA,Chattahoochee,11267,5
GA,Chattooga,26015,6
GA,Cherokee,214346,26
GA,Clarke,116714,30
GA,Clay,3183,1
GA,Clayton,259424,50
GA,Clinch,6798,2
GA,Cobb,688078,120
GA,Coffee,42356,9
GA,Colquitt,45498,10
GA,Columbia,124053,20
GA,Cook,17212,4
GA,Coweta,127317,20
GA,Crawford,12630,3
GA,Crisp,23439,6
GA,Dade,16633,4
GA,Dawson,22330,3
GA,Decatur,27842,7
GA,DeKalb,691893,145
GA,Dodge,21796,6
GA,Dooly,14918,3
GA,Dougherty,94565,27
GA,Douglas,132403,20
GA,Early,11008,5
GA,Echols,4034,2
GA,Effingham,52250,10
GA,Elbert,20166,5
GA,Emanuel,22598,6
GA,Evans,11000,3
GA,Fannin,23682,5
GA,Fayette,106567,20
GA,Floyd,96317,20
GA,Forsyth,175511,45
GA,Franklin,22084,5
GA,Fulton,920581,204
GA,Gilmer,28292,5
GA,Glascock,3082,1
GA,Glynn,79626,15
GA,Gordon,55186,9
GA,Grady,25011,6
GA,Greene,15994,7
GA,Gwinnett,805321,113
GA,Habersham,43041,8
GA,Hall,179684,36
GA,Hancock,9429,2
GA,Haralson,28780,5
GA,Harris,32024,5
GA,Hart,25213,5
GA,Heard,11834,3
GA,Henry,203922,25
GA,Houston,139900,23
GA,Irwin,9538,2
GA,Jackson,60485,11
GA,Jasper,13900,3
GA,Jeff Davis,15068,3
GA,Jefferson,16930,4
GA,Jenkins,8340,2
GA,Johnson,9980,3
GA,Jones,28669,6
GA,Lamar,18317,3
GA,Lanier,10078,2
GA,Laurens,48434,13
GA,Lee,28298,5
GA,Liberty,63453,14
GA,Lincoln,7996,2
GA,Long,14464,3
GA,Lowndes,109233,25
GA,Lumpkin,29966,4
GA,McDuffie,21875,5
GA,McIntosh,14333,4
GA,Macon,14740,4
GA,Madison,28120,6
GA,Marion,8742,2
GA,Meriwether,21992,4
GA,Miller,6125,3
GA,Mitchell,23498,5
GA,Monroe,26424,5
GA,Montgomery,9123,3
GA,Morgan,17868,5
GA,Murray,39628,8
GA,Muscogee,189885,53
GA,Newton,99958,13
GA,Oconee,32808,6
GA,Oglethorpe,14899,4
GA,Paulding,142324,19
GA,Peach,27695,6
GA,Pickens,29431,6
GA,Pierce,18758,4
GA,Pike,17869,4
GA,Polk,41475,7
GA,Pulaski,12010,3
GA,Putnam,21218,5
GA,Quitman,2513,1
GA,Rabun,16276,5
GA,Randolph,7719,2
GA,Richmond,200549,47
GA,Rockdale,85215,15
GA,Schley,5010,2
GA,Screven,14593,5
GA,Seminole,8729,3
GA,Spalding,64073,12
GA,Stephens,26175,5
GA,Stewart,6058,2
GA,Sumter,32819,8
GA,Talbot,6865,3
GA,Taliaferro,1717,1
GA,Tattnall,25520,5
GA,Taylor,8906,3
GA,Telfair,16500,3
GA,Terrell,9315,4
GA,Thomas,44720,11
GA,Tift,40118,9
GA,Toombs,27223,6
GA,Towns,10471,3
GA,Treutlen,6885,2
GA,Troup,67044,14
GA,Turner,8930,2
GA,Twiggs,9023,2
GA,Union,21356,6
GA,Upson,27153,7
GA,Walker,68756,13
GA,Walton,83768,15
GA,Ware,36312,9
GA,Warren,5834,2
GA,Washington,21187,5
GA,Wayne,30099,6
GA,Webster,2799,2
GA,Wheeler,7421,2
GA,White,27144,5
GA,Whitfield,102599,18
GA,Wilcox,9255,4
GA,Wilkes,10593,4
GA,Wilkinson,9563,3
GA,Worth,21679,5
HI,Hawaii,185079,34
HI,Honolulu,953207,244
HI,Kalawao,90,1
HI,Kauai,67091,16
HI,Maui,154834,37
ID,Ada,392365,59
ID,Adams,3976,2
ID,Bannock,82839,22
ID,Bear Lake,5986,2
ID,Benewah,9285,2
ID,Bingham,45607,8
ID,Blaine,21376,4
ID,Boise,7028,1
ID,Bonner,40877,9
ID,Bonneville,104234,21
ID,Boundary,10972,2
ID,Butte,2891,1
ID,Camas,1117,1
ID,Canyon,188923,29
ID,Caribou,6963,2
ID,Cassia,22952,6
ID,Clark,982,1
ID,Clearwater,8761,2
ID,Custer,4368,1
ID,Elmore,27038,5
ID,Franklin,12786,2
ID,Fremont,13242,3
ID,Gem,16719,3
ID,Gooding,15464,2
ID,Idaho,16267,5
ID,Jefferson,26140,4
ID,Jerome,22374,5
ID,Kootenai,138494,25
ID,Latah,37244,7
ID,Lemhi,7936,3
ID,Lewis,3821,3
ID,Lincoln,5208,1
ID,Madison,37536,6
ID,Minidoka,20069,5
ID,Nez Perce,39265,10
ID,Oneida,4286,1
ID,Owyhee,11526,3
ID,Payette,22623,4
ID,Power,7817,2
ID,Shoshone,12765,3
ID,Teton,10170,1
ID,Twin Falls,77230,14
ID,Valley,9862,3
ID,Washington,10198,3
IL,Adams,67103,18
IL,Alexander,8238,4
IL,Bond,17768,4
IL,Boone,54165,7
IL,Brown,6937,2
IL,Bureau,34978,10
IL,Calhoun,5089,2
IL,Carroll,15387,6
IL,Cass,13642,5
IL,Champaign,201081,43
IL,Christian,34800,10
IL,Clark,16335,4
IL,Clay,13815,4
IL,Clinton,37762,8
IL,Coles,53873,12
IL,Cook,5194675,1318
IL,Crawford,19817,6
IL,Cumberland,11048,3
IL,DeKalb,105160,21
IL,De Witt,16561,5
IL,Douglas,19980,5
IL,DuPage,916924,216
IL,Edgar,18576,5
IL,Edwards,6721,3
IL,Effingham,34242,8
IL,Fayette,22140,7
IL,Ford,14081,5
IL,Franklin,39561,12
IL,Fulton,37069,12
IL,Gallatin,5589,2
IL,Greene,13886,5
IL,Grundy,50063,10
IL,Hamilton,8457,3
IL,Hancock,19104,7
IL,Hardin,4320,2
IL,Henderson,7331,3
IL,Henry,50486,13
IL,Iroquois,29718,9
IL,Jackson,60218,14
IL,Jasper,9698,3
IL,Jefferson,38827,11
IL,Jersey,22985,6
IL,Jo Daviess,22678,6
IL,Johnson,12582,4
IL,Kane,515269,82
IL,Kankakee,113449,29
IL,Kendall,114736,10
IL,Knox,52919,16
IL,Lake,703462,153
IL,La Salle,113924,28
IL,Lawrence,16833,5
IL,Lee,36031,9
IL,Livingston,38950,10
IL,Logan,30305,8
IL,McDonough,32612,10
IL,McHenry,308760,52
IL,McLean,169572,41
IL,Macon,110768,34
IL,Macoupin,47765,13
IL,Madison,269282,61
IL,Marion,39437,12
IL,Marshall,12640,5
IL,Mason,14666,6
IL,Massac,15429,4
IL,Menard,12705,3
IL,Mercer,16434,4
IL,Monroe,32957,6
IL,Montgomery,30104,8
IL,Morgan,35547,10
IL,Moultrie,14846,4
IL,Ogle,53497,11
IL,Peoria,186494,48
IL,Perry,22350,6
IL,Piatt,16729,4
IL,Pike,16430,5
IL,Pope,4470,2
IL,Pulaski,6161,2
IL,Putnam,6006,2
IL,Randolph,33476,9
IL,Richland,16233,5
IL,Rock Island,147546,40
IL,St. Clair,270056,60
IL,Saline,24913,9
IL,Sangamon,197465,53
IL,Schuyler,7544,3
IL,Scott,5355,2
IL,Shelby,22363,6
IL,Stark,5994,2
IL,Stephenson,47711,13
IL,Tazewell,135394,30
IL,Union,17808,5
IL,Vermilion,81625,24
IL,Wabash,11947,4
IL,Warren,17707,5
IL,Washington,14716,4
IL,Wayne,16760,5
IL,White,14665,5
IL,Whiteside,58498,18
IL,Will,677560,152
IL,Williamson,66357,15
IL,Winnebago,295266,77
IL,Woodford,38664,9
IN,Adams,34387,7
IN,Allen,355329,96
IN,Bartholomew,76794,15
IN,Benton,8854,3
IN,Blackford,12766,4
IN,Boone,56640,10
IN,Brown,15242,4
IN,Carroll,20155,7
IN,Cass,38966,11
IN,Clark,110232,26
IN,Clay,26890,6
IN,Clinton,33224,8
IN,Crawford,10713,3
IN,Daviess,31648,7
IN,Dearborn,50047,10
IN,Decatur,25740,6
IN,DeKalb,42223,9
IN,Delaware,117671,30
IN,Dubois,41889,7
IN,Elkhart,197559,36
IN,Fayette,24277,7
IN,Floyd,74578,20
IN,Fountain,17240,5
IN,Franklin,23087,5
IN,Fulton,20836,6
IN,Gibson,33503,7
IN,Grant,70061,16
IN,Greene,33165,9
IN,Hamilton,274569,39
IN,Hancock,70002,10
IN,Harrison,39364,6
IN,Hendricks,145448,21
IN,Henry,49462,13
IN,Howard,82752,20
IN,Huntington,37124,9
IN,Jackson,42376,10
IN,Jasper,33478,8
IN,Jay,21253,7
IN,Jefferson,32428,7
IN,Jennings,28525,6
IN,Johnson,139654,22
IN,Knox,38440,10
IN,Kosciusko,77358,19
IN,LaGrange,37128,8
IN,Lake,496005,117
IN,LaPorte,111467,28
IN,Lawrence,46134,10
IN,Madison,131636,37
IN,Marion,903393,224
IN,Marshall,47051,12
IN,Martin,10334,3
IN,Miami,36903,10
IN,Monroe,137974,31
IN,Montgomery,38124,9
IN,Morgan,68894,13
IN,Newton,14244,4
IN,Noble,47536,10
IN,Ohio,6128,2
IN,Orange,19840,6
IN,Owen,21575,5
IN,Parke,17339,4
IN,Perry,19338,5
IN,Pike,12845,4
IN,Porter,164343,32
IN,Posey,25910,7
IN,Pulaski,13402,4
IN,Putnam,37963,7
IN,Randolph,26171,8
IN,Ripley,28818,6
IN,Rush,17392,5
IN,St. Joseph,266931,75
IN,Scott,24181,5
IN,Shelby,44436,10
IN,Spencer,20952,5
IN,Starke,23363,7
IN,Steuben,34185,9
IN,Sullivan,21475,5
IN,Switzerland,10613,3
IN,Tippecanoe,172780,37
IN,Tipton,15936,4
IN,Union,7516,2
IN,Vanderburgh,179703,49
IN,Vermillion,16212,5
IN,Vigo,107848,28
IN,Wabash,32888,8
IN,Warren,8508,2
IN,Warrick,59689,11
IN,Washington,28262,6
IN,Wayne,68917,17
IN,Wells,27636,7
IN,White,24643,8
IN,Whitley,33292,7
IA,Adair,7682,3
IA,Adams,4029,2
IA,Allamakee,14330,5
IA,Appanoose,12887,5
IA,Audubon,6119,3
IA,Benton,26076,7
IA,Black Hawk,131090,38
IA,Boone,26306,7
IA,Bremer,24276,8
IA,Buchanan,20958,6
IA,Buena Vista,20260,6
IA,Butler,14867,5
IA,Calhoun,9670,4
IA,Carroll,20816,6
IA,Cass,13956,5
IA,Cedar,18499,5
IA,Cerro Gordo,44151,11
IA,Cherokee,12072,4
IA,Chickasaw,12439,4
IA,Clarke,9286,3
IA,Clay,16667,4
IA,Clayton,18129,6
IA,Clinton,49116,12
IA,Crawford,17096,5
IA,Dallas,66135,15
IA,Davis,8753,2
IA,Decatur,8457,3
IA,Delaware,17764,4
IA,Des Moines,40325,11
IA,Dickinson,16667,5
IA,Dubuque,93653,26
IA,Emmet,10302,4
IA,Fayette,20880,7
IA,Floyd,16303,5
IA,Franklin,10680,3
IA,Fremont,7441,3
IA,Greene,9336,4
IA,Grundy,12453,4
IA,Guthrie,10954,3
IA,Hamilton,15673,5
IA,Hancock,11341,4
IA,Hardin,17534,6
IA,Harrison,14928,5
IA,Henry,20145,5
IA,Howard,9566,3
IA,Humboldt,9815,4
IA,Ida,7089,3
IA,Iowa,16355,4
IA,Jackson,19848,6
IA,Jasper,36842,9
IA,Jefferson,16843,4
IA,Johnson,130882,24
IA,Jones,20638,5
IA,Keokuk,10511,4
IA,Kossuth,15543,6
IA,Lee,35862,11
IA,Linn,211226,45
IA,Louisa,11387,3
IA,Lucas,8898,4
IA,Lyon,11581,3
IA,Madison,15679,3
IA,Mahaska,22381,7
IA,Marion,33309,8
IA,Marshall,40648,10
IA,Mills,15059,5
IA,Mitchell,10776,3
IA,Monona,9243,4
IA,Monroe,7970,3
IA,Montgomery,10740,4
IA,Muscatine,42745,10
IA,O'Brien,14398,4
IA,Osceola,6462,2
IA,Page,15932,6
IA,Palo Alto,9421,4
IA,Plymouth,24986,6
IA,Pocahontas,7310,3
IA,Polk,430640,98
IA,Pottawattamie,93158,30
IA,Poweshiek,18914,5
IA,Ringgold,5131,2
IA,Sac,10350,4
IA,Scott,165224,47
IA,Shelby,12167,4
IA,Sioux,33704,7
IA,Story,89542,20
IA,Tama,17767,6
IA,Taylor,6317,3
IA,Union,12534,4
IA,Van Buren,7570,2
IA,Wapello,35625,11
IA,Warren,46225,12
IA,Washington,21704,5
IA,Wayne,6403,3
IA,Webster,38013,12
IA,Winnebago,10866,3
IA,Winneshiek,21056,5
IA,Woodbury,102172,26
IA,Worth,7598,3
IA,Wright,13229,5
KS,Allen,13371,5
KS,Anderson,8102,2
KS,Atchison,16924,4
KS,Barber,4861,2
KS,Barton,27674,8
KS,Bourbon,15173,5
KS,Brown,9984,3
KS,Butler,65880,13
KS,Chase,2790,1
KS,Chautauqua,3669,1
KS,Cherokee,21603,6
KS,Cheyenne,2726,1
KS,Clark,2215,1
KS,Clay,8535,2
KS,Cloud,9533,4
KS,Coffey,8601,3
KS,Comanche,1891,1
KS,Cowley,36311,11
KS,Crawford,39134,11
KS,Decatur,2961,2
KS,Dickinson,19754,6
KS,Doniphan,7945,3
KS,Douglas,110826,22
KS,Edwards,3037,2
KS,Elk,2882,1
KS,Ellis,28452,6
KS,Ellsworth,6497,2
KS,Finney,36776,12
KS,Ford,33848,7
KS,Franklin,25992,5
KS,Geary,34362,8
KS,Gove,2695,2
KS,Graham,2597,2
KS,Grant,7829,2
KS,Gray,6006,2
KS,Greeley,1247,1
KS,Greenwood,6689,3
KS,Hamilton,2690,1
KS,Harper,6034,3
KS,Harvey,34684,6
KS,Haskell,4256,1
KS,Hodgeman,1916,1
KS,Jackson,13462,3
KS,Jefferson,19126,4
KS,Jewell,3077,2
KS,Johnson,544179,130
KS,Kearny,3977,1
KS,Kingman,7858,3
KS,Kiowa,2553,1
KS,Labette,21607,8
KS,Lane,1750,1
KS,Leavenworth,76227,16
KS,Lincoln,3241,1
KS,Linn,9656,2
KS,Logan,2756,1
KS,Lyon,33690,8
KS,McPherson,29180,7
KS,Marion,12660,4
KS,Marshall,10117,4
KS,Meade,4575,2
KS,Miami,32787,8
KS,Mitchell,6373,2
KS,Montgomery,35471,13
KS,Morris,5923,2
KS,Morton,3233,1
KS,Nemaha,10178,3
KS,Neosho,16512,5
KS,Ness,3107,2
KS,Norton,5671,1
KS,Osage,16295,5
KS,Osborne,3858,1
KS,Ottawa,6091,2
KS,Pawnee,6973,2
KS,Phillips,5642,3
KS,Pottawatomie,21604,4
KS,Pratt,9656,3
KS,Rawlins,2519,1
KS,Reno,64511,17
KS,Republic,4980,3
KS,Rice,10083,3
KS,Riley,71115,14
KS,Rooks,5181,2
KS,Rush,3307,2
KS,Russell,6970,2
KS,Saline,55606,12
KS,Scott,4936,1
KS,Sedgwick,498365,124
KS,Seward,22952,5
KS,Shawnee,177934,43
KS,Sheridan,2556,2
KS,Sherman,6010,2
KS,Smith,3853,2
KS,Stafford,4437,2
KS,Stanton,2235,1
KS,Stevens,5724,2
KS,Sumner,24132,6
KS,Thomas,7900,2
KS,Trego,3001,1
KS,Wabaunsee,7053,2
KS,Wallace,1485,1
KS,Washington,5799,2
KS,Wichita,2234,1
KS,Wilson,9409,4
KS,Woodson,3309,2
KS,Wyandotte,157505,70
KY,Adair,18656,7
KY,Allen,19956,6
KY,Anderson,21421,5
KY,Ballard,8249,3
KY,Barren,42173,10
KY,Bath,11591,3
KY,Bell,28691,9
KY,Boone,118811,22
KY,Bourbon,19985,6
KY,Boyd,49542,13
KY,Boyle,28432,7
KY,Bracken,8488,3
KY,Breathitt,13878,7
KY,Breckinridge,20059,6
KY,Bullitt,74319,18
KY,Butler,12690,5
KY,Caldwell,12984,3
KY,Calloway,37191,9
KY,Campbell,90336,25
KY,Carlisle,5104,3
KY,Carroll,10811,3
KY,Carter,27720,7
KY,Casey,15955,5
KY,Christian,73955,19
KY,Clark,35613,10
KY,Clay,21730,6
KY,Clinton,10272,3
KY,Crittenden,9315,4
KY,Cumberland,6856,2
KY,Daviess,96656,23
KY,Edmonson,12161,4
KY,Elliott,7852,2
KY,Estill,14672,4
KY,Fayette,295803,82
KY,Fleming,14348,4
KY,Floyd,39451,10
KY,Franklin,49285,11
KY,Fulton,6813,2
KY,Gallatin,8589,2
KY,Garrard,16912,4
KY,Grant,24662,4
KY,Graves,37121,9
KY,Grayson,25746,7
KY,Green,11258,4
KY,Greenup,36910,9
KY,Hancock,8565,3
KY,Hardin,105543,22
KY,Harlan,29278,11
KY,Harrison,18846,5
KY,Hart,18199,5
KY,Henderson,46250,11
KY,Henry,15416,5
KY,Hickman,4902,1
KY,Hopkins,46920,12
KY,Jackson,13494,3
KY,Jefferson,741096,191
KY,Jessamine,48586,9
KY,Johnson,23356,6
KY,Kenton,159720,41
KY,Knott,16346,5
KY,Knox,31883,8
KY,Larue,14193,4
KY,Laurel,58849,13
KY,Lawrence,15860,5
KY,Lee,7887,3
KY,Leslie,11310,3
KY,Letcher,24519,7
KY,Lewis,13870,4
KY,Lincoln,24742,6
KY,Livingston,9519,2
KY,Logan,26835,6
KY,Lyon,8314,3
KY,McCracken,65565,17
KY,McCreary,18306,4
KY,McLean,9531,3
KY,Madison,82916,19
KY,Magoffin,13333,4
KY,Marion,19820,6
KY,Marshall,31448,6
KY,Martin,12929,3
KY,Mason,17490,5
KY,Meade,28602,8
KY,Menifee,6306,2
KY,Mercer,21331,5
KY,Metcalfe,10099,3
KY,Monroe,10963,4
KY,Montgomery,26499,6
KY,Morgan,13923,5
KY,Muhlenberg,31499,9
KY,Nelson,43437,9
KY,Nicholas,7135,2
KY,Ohio,23842,7
KY,Oldham,60316,14
KY,Owen,10841,3
KY,Owsley,4755,2
KY,Pendleton,14877,3
KY,Perry,28712,8
KY,Pike,65024,19
KY,Powell,12613,2
KY,Pulaski,63063,14
KY,Robertson,2282,1
KY,Rockcastle,17056,4
KY,Rowan,23333,4
KY,Russell,17565,5
KY,Scott,47173,14
KY,Shelby,42074,9
KY,Simpson,17327,4
KY,Spencer,17061,4
KY,Taylor,24512,5
KY,Todd,12460,4
KY,Trigg,14339,5
KY,Trimble,8809,2
KY,Union,15007,4
KY,Warren,113792,24
KY,Washington,11717,3
KY,Wayne,20813,5
KY,Webster,13621,4
KY,Whitley,35637,8
KY,Wolfe,7355,2
KY,Woodford,24939,8
LA,Acadia,61773,12
LA,Allen,25764,5
LA,Ascension,107215,14
LA,Assumption,23421,6
LA,Avoyelles,42073,9
LA,Beauregard,35654,7
LA,Bienville,14353,5
LA,Bossier,116979,22
LA,Caddo,254969,64
LA,Calcasieu,192768,44
LA,Caldwell,10132,3
LA,Cameron,6839,3
LA,Catahoula,10407,3
LA,Claiborne,17195,5
LA,Concordia,20822,5
LA,De Soto,26656,7
LA,East Baton Rouge,440171,92
LA,East Carroll,7759,3
LA,East Feliciana,20267,5
LA,Evangeline,33984,8
LA,Franklin,20767,6
LA,Grant,22309,5
LA,Iberia,73240,15
LA,Iberville,33387,7
LA,Jackson,16274,5
LA,Jefferson,432552,127
LA,Jefferson Davis,31594,7
LA,Lafayette,221578,43
LA,Lafourche,96318,23
LA,La Salle,14890,3
LA,Lincoln,46735,10
LA,Livingston,128026,17
LA,Madison,12093,5
LA,Morehouse,27979,8
LA,Natchitoches,39566,9
LA,Orleans,343829,177
LA,Ouachita,153720,40
LA,Plaquemines,23042,9
LA,Pointe Coupee,22802,6
LA,Rapides,131613,33
LA,Red River,9091,2
LA,Richland,20725,6
LA,Sabine,24233,7
LA,St. Bernard,35897,18
LA,St. Charles,52780,13
LA,St. Helena,11203,2
LA,St. James,22102,7
LA,St. John the Baptist,45924,11
LA,St. Landry,83384,19
LA,St. Martin,52160,11
LA,St. Mary,54650,16
LA,St. Tammany,233740,43
LA,Tangipahoa,121097,20
LA,Tensas,5252,3
LA,Terrebonne,111860,21
LA,Union,22721,6
LA,Vermilion,57999,12
LA,Vernon,52334,12
LA,Washington,47168,11
LA,Webster,41207,11
LA,West Baton Rouge,23788,5
LA,West Carroll,11604,3
LA,West Feliciana,15625,3
LA,Winn,15313,4
ME,Androscoggin,107702,28
ME,Aroostook,71870,24
ME,Cumberland,281674,67
ME,Franklin,30768,9
ME,Hancock,54418,17
ME,Kennebec,122151,31
ME,Knox,39736,11
ME,Lincoln,34457,9
ME,Oxford,57833,17
ME,Penobscot,153923,46
ME,Piscataquis,17535,8
ME,Sagadahoc,35293,8
ME,Somerset,52228,17
ME,Waldo,38786,8
ME,Washington,32856,14
ME,York,197131,41
MD,Allegany,75087,23
MD,Anne Arundel,537656,104
MD,Baltimore,805029,214
MD,Calvert,88737,18
MD,Caroline,33066,9
MD,Carroll,167134,38
MD,Cecil,101108,19
MD,Charles,146551,30
MD,Dorchester,32618,10
MD,Frederick,233385,61
MD,Garrett,30097,7
MD,Harford,244826,57
MD,Howard,287085,55
MD,Kent,20197,5
MD,Montgomery,971777,215
MD,Prince George's,863420,218
MD,Queen Anne's,47798,12
MD,St. Mary's,105151,18
MD,Somerset,26470,8
MD,Talbot,37782,10
MD,Washington,147430,32
MD,Wicomico,98733,19
MD,Worcester,51454,17
MD,Baltimore City,620961,200
MA,Barnstable,215888,57
MA,Berkshire,131219,39
MA,Bristol,548285,126
MA,Dukes,16535,4
MA,Essex,743159,163
MA,Franklin,71372,18
MA,Hampden,463490,103
MA,Hampshire,158080,36
MA,Middlesex,1503085,318
MA,Nantucket,10172,6
MA,Norfolk,670850,130
MA,Plymouth,494919,100
MA,Suffolk,722023,204
MA,Worcester,798552,172
MI,Alcona,10942,5
MI,Alger,9601,3
MI,Allegan,111408,25
MI,Alpena,29598,10
MI,Antrim,23580,7
MI,Arenac,15899,5
MI,Baraga,8860,2
MI,Barry,59173,11
MI,Bay,107771,26
MI,Benzie,17525,5
MI,Berrien,156813,48
MI,Branch,45248,12
MI,Calhoun,136146,39
MI,Cass,52293,11
MI,Charlevoix,25949,13
MI,Cheboygan,26152,8
MI,Chippewa,38520,14
MI,Clare,30926,11
MI,Clinton,75382,22
MI,Crawford,14074,5
MI,Delta,37069,11
MI,Dickinson,26168,7
MI,Eaton,107759,28
MI,Emmet,32694,8
MI,Genesee,425790,131
MI,Gladwin,25692,9
MI,Gogebic,16427,7
MI,Grand Traverse,86986,16
MI,Gratiot,42476,10
MI,Hillsdale,46688,12
MI,Houghton,36628,11
MI,Huron,33118,12
MI,Ingham,280895,81
MI,Ionia,63905,13
MI,Iosco,25887,9
MI,Iron,11817,5
MI,Isabella,70311,15
MI,Jackson,160248,38
MI,Kalamazoo,250331,57
MI,Kalkaska,17153,5
MI,Kent,602622,128
MI,Keweenaw,2156,2
MI,Lake,11539,4
MI,Lapeer,88319,24
MI,Leelanau,21708,6
MI,Lenawee,99892,23
MI,Livingston,180967,61
MI,Luce,6631,3
MI,Mackinac,11113,6
MI,Macomb,840978,216
MI,Manistee,24733,9
MI,Marquette,67077,24
MI,Mason,28705,8
MI,Mecosta,42798,11
MI,Menominee,24029,7
MI,Midland,83629,19
MI,Missaukee,14849,4
MI,Monroe,152021,39
MI,Montcalm,63342,13
MI,Montmorency,9765,5
MI,Muskegon,172188,42
MI,Newaygo,48460,11
MI,Oakland,1202362,338
MI,Oceana,26570,7
MI,Ogemaw,21699,7
MI,Ontonagon,6780,4
MI,Osceola,23528,6
MI,Oscoda,8640,5
MI,Otsego,24164,6
MI,Ottawa,263801,53
MI,Presque Isle,13376,6
MI,Roscommon,24449,10
MI,Saginaw,200169,56
MI,St. Clair,163040,49
MI,St. Joseph,61295,17
MI,Sanilac,43114,12
MI,Schoolcraft,8485,3
MI,Shiawassee,70648,17
MI,Tuscola,55729,13
MI,Van Buren,76258,15
MI,Washtenaw,344791,100
MI,Wayne,1820584,610
MI,Wexford,32735,8
MN,Aitkin,16202,6
MN,Anoka,330844,83
MN,Becker,32504,10
MN,Beltrami,44442,10
MN,Benton,38451,9
MN,Big Stone,5269,3
MN,Blue Earth,64013,16
MN,Brown,25893,8
MN,Carlton,35386,7
MN,Carver,91042,19
MN,Cass,28567,10
MN,Chippewa,12441,4
MN,Chisago,53887,10
MN,Clay,58999,13
MN,Clearwater,8695,3
MN,Cook,5176,3
MN,Cottonwood,11687,4
MN,Crow Wing,62500,16
MN,Dakota,398552,95
MN,Dodge,20087,5
MN,Douglas,36009,9
MN,Faribault,14553,6
MN,Fillmore,20866,6
MN,Freeborn,31255,10
MN,Goodhue,46183,10
MN,Grant,6018,2
MN,Hennepin,1152425,299
MN,Houston,19027,5
MN,Hubbard,20428,7
MN,Isanti,37816,8
MN,Itasca,45058,11
MN,Jackson,10266,4
MN,Kanabec,16239,4
MN,Kandiyohi,42239,12
MN,Kittson,4552,2
MN,Koochiching,13311,4
MN,Lac qui Parle,7259,3
MN,Lake,10866,3
MN,Lake of the Woods,4045,2
MN,Le Sueur,27703,6
MN,Lincoln,5896,2
MN,Lyon,25857,7
MN,McLeod,36651,7
MN,Mahnomen,5413,2
MN,Marshall,9439,4
MN,Martin,20840,6
MN,Meeker,23300,6
MN,Mille Lacs,26097,7
MN,Morrison,33198,8
MN,Mower,39163,11
MN,Murray,8725,3
MN,Nicollet,32727,7
MN,Nobles,21378,6
MN,Norman,6852,3
MN,Olmsted,144248,33
MN,Otter Tail,57303,17
MN,Pennington,13930,5
MN,Pine,29750,8
MN,Pipestone,9596,5
MN,Polk,31600,10
MN,Pope,10995,4
MN,Ramsey,508640,137
MN,Red Lake,4089,2
MN,Redwood,16059,6
MN,Renville,15730,6
MN,Rice,64142,13
MN,Rock,9687,3
MN,Roseau,15629,5
MN,St. Louis,200226,66
MN,Scott,129928,21
MN,Sherburne,88499,11
MN,Sibley,15226,4
MN,Stearns,150642,29
MN,Steele,36576,8
MN,Stevens,9726,3
MN,Swift,9783,4
MN,Todd,24895,8
MN,Traverse,3558,2
MN,Wabasha,21676,6
MN,Wadena,13843,3
MN,Waseca,19136,5
MN,Washington,238136,50
MN,Watonwan,11211,3
MN,Wilkin,6576,2
MN,Winona,51461,10
MN,Wright,124700,17
MN,Yellow Medicine,10438,4
MS,Adams,32297,9
MS,Alcorn,37057,7
MS,Amite,13131,3
MS,Attala,19564,6
MS,Benton,8729,2
MS,Bolivar,34145,8
MS,Calhoun,14962,5
MS,Carroll,10597,2
MS,Chickasaw,17392,4
MS,Choctaw,8547,3
MS,Claiborne,9604,3
MS,Clarke,16732,4
MS,Clay,20634,5
MS,Coahoma,26151,7
MS,Copiah,29449,6
MS,Covington,19568,4
MS,DeSoto,161252,33
MS,Forrest,74934,17
MS,Franklin,8118,2
MS,George,22578,5
MS,Greene,14400,2
MS,Grenada,21906,5
MS,Hancock,43929,7
MS,Harrison,187105,46
MS,Hinds,245285,64
MS,Holmes,19198,5
MS,Humphreys,9375,3
MS,Issaquena,1406,1
MS,Itawamba,23401,5
MS,Jackson,139668,28
MS,Jasper,17062,4
MS,Jefferson,7726,2
MS,Jefferson Davis,12487,3
MS,Jones,67761,14
MS,Kemper,10456,2
MS,Lafayette,47351,10
MS,Lamar,55658,8
MS,Lauderdale,80261,19
MS,Lawrence,12929,3
MS,Leake,23805,5
MS,Lee,82910,19
MS,Leflore,32317,8
MS,Lincoln,34869,6
MS,Lowndes,59779,14
MS,Madison,95203,21
MS,Marion,27088,6
MS,Marshall,37144,6
MS,Monroe,36989,9
MS,Montgomery,10925,3
MS,Neshoba,29676,7
MS,Newton,21720,5
MS,Noxubee,11545,3
MS,Oktibbeha,47671,8
MS,Panola,34707,6
MS,Pearl River,55834,9
MS,Perry,12250,3
MS,Pike,40404,8
MS,Pontotoc,29957,6
MS,Prentiss,25276,5
MS,Quitman,8223,3
MS,Rankin,141617,27
MS,Scott,28264,6
MS,Sharkey,4916,2
MS,Simpson,27503,5
MS,Smith,16491,3
MS,Stone,17786,3
MS,Sunflower,29450,7
MS,Tallahatchie,15378,4
MS,Tate,28886,5
MS,Tippah,22232,4
MS,Tishomingo,19593,4
MS,Tunica,10778,3
MS,Union,27134,6
MS,Walthall,15443,3
MS,Warren,48773,12
MS,Washington,51137,19
MS,Wayne,20747,4
MS,Webster,10253,3
MS,Wilkinson,9878,2
MS,Winston,19198,5
MS,Yalobusha,12678,3
MS,Yazoo,28065,6
MO,Adair,25607,7
MO,Andrew,17291,4
MO,Atchison,5685,2
MO,Audrain,25529,7
MO,Barry,35597,7
MO,Barton,12402,3
MO,Bates,17049,4
MO,Benton,19056,6
MO,Bollinger,12363,3
MO,Boone,162642,29
MO,Buchanan,89201,25
MO,Butler,42794,10
MO,Caldwell,9424,2
MO,Callaway,44332,8
MO,Camden,44002,11
MO,Cape Girardeau,75674,16
MO,Carroll,9295,3
MO,Carter,6265,2
MO,Cass,99478,20
MO,Cedar,13982,3
MO,Chariton,7831,3
MO,Christian,77422,14
MO,Clark,7139,3
MO,Clay,221939,44
MO,Clinton,20743,4
MO,Cole,75990,15
MO,Cooper,17601,5
MO,Crawford,24696,6
MO,Dade,7883,2
MO,Dallas,16777,3
MO,Daviess,8433,2
MO,DeKalb,12892,2
MO,Dent,15657,4
MO,Douglas,13684,3
MO,Dunklin,31953,10
MO,Franklin,101492,17
MO,Gasconade,15222,5
MO,Gentry,6738,2
MO,Greene,275174,62
MO,Grundy,10261,4
MO,Harrison,8957,3
MO,Henry,22272,6
MO,Hickory,9627,3
MO,Holt,4912,3
MO,Howard,10144,3
MO,Howell,40400,8
MO,Iron,10630,4
MO,Jackson,674158,199
MO,Jasper,117404,22
MO,Jefferson,218733,42
MO,Johnson,52595,9
MO,Knox,4131,2
MO,Laclede,35571,6
MO,Lafayette,33381,7
MO,Lawrence,38634,7
MO,Lewis,10211,4
MO,Lincoln,52566,7
MO,Linn,12761,5
MO,Livingston,15195,5
MO,McDonald,23083,4
MO,Macon,15566,5
MO,Madison,12226,3
MO,Maries,9176,3
MO,Marion,28781,8
MO,Mercer,3785,2
MO,Miller,24748,5
MO,Mississippi,14358,4
MO,Moniteau,15607,4
MO,Monroe,8840,3
MO,Montgomery,12236,4
MO,Morgan,20565,5
MO,New Madrid,18956,6
MO,Newton,58114,12
MO,Nodaway,23370,5
MO,Oregon,10881,3
MO,Osage,13878,4
MO,Ozark,9723,2
MO,Pemiscot,18296,6
MO,Perry,18971,5
MO,Pettis,42201,11
MO,Phelps,45156,10
MO,Pike,18516,5
MO,Platte,89322,20
MO,Polk,31137,4
MO,Pulaski,52274,9
MO,Putnam,4979,2
MO,Ralls,10167,3
MO,Randolph,25414,6
MO,Ray,23494,4
MO,Reynolds,6696,2
MO,Ripley,14100,4
MO,St. Charles,360485,79
MO,St. Clair,9805,3
MO,Ste. Genevieve,18145,4
MO,St. Francois,65359,11
MO,St. Louis,998954,199
MO,Saline,23370,8
MO,Schuyler,4431,2
MO,Scotland,4843,2
MO,Scott,39191,10
MO,Shannon,8441,2
MO,Shelby,6373,3
MO,Stoddard,29968,8
MO,Stone,32202,6
MO,Sullivan,6714,3
MO,Taney,51675,10
MO,Texas,26008,4
MO,Vernon,21159,6
MO,Warren,32513,5
MO,Washington,25195,5
MO,Wayne,13521,4
MO,Webster,36202,8
MO,Worth,2171,1
MO,Wright,18815,4
MO,St. Louis City,319294,106
MT,Beaverhead,9246,3
MT,Big Horn,12865,5
MT,Blaine,6491,4
MT,Broadwater,5612,2
MT,Carbon,10078,5
MT,Carter,1160,1
MT,Cascade,81327,22
MT,Chouteau,5813,2
MT,Custer,11699,6
MT,Daniels,1751,1
MT,Dawson,8966,3
MT,Deer Lodge,9298,3
MT,Fallon,2890,1
MT,Fergus,11586,2
MT,Flathead,90928,19
MT,Gallatin,89513,22
MT,Garfield,1206,1
MT,Glacier,13399,4
MT,Golden Valley,884,1
MT,Granite,3079,1
MT,Hill,16096,6
MT,Jefferson,11406,3
MT,Judith Basin,2072,1
MT,Lake,28746,8
MT,Lewis and Clark,63395,14
MT,Liberty,2339,1
MT,Lincoln,19687,5
MT,McCone,1734,1
MT,Madison,7691,3
MT,Meagher,1891,1
MT,Mineral,4223,2
MT,Missoula,109299,20
MT,Musselshell,4538,2
MT,Park,15636,6
MT,Petroleum,494,1
MT,Phillips,4253,1
MT,Pondera,6153,2
MT,Powder River,1743,1
MT,Powell,7027,2
MT,Prairie,1179,1
MT,Ravalli,40212,10
MT,Richland,9746,4
MT,Roosevelt,10425,3
MT,Rosebud,9233,4
MT,Sanders,11413,3
MT,Sheridan,3384,2
MT,Silver Bow,34200,8
MT,Stillwater,9117,3
MT,Sweet Grass,3651,1
MT,Teton,6073,3
MT,Toole,5324,3
MT,Treasure,718,1
MT,Valley,7369,3
MT,Wheatland,2168,1
MT,Wibaux,1017,1
MT,Yellowstone,147972,32
NE,Adams,31364,9
NE,Antelope,6685,3
NE,Arthur,460,1
NE,Banner,690,1
NE,Blaine,478,1
NE,Boone,5505,2
NE,Box Butte,11308,3
NE,Boyd,2099,1
NE,Brown,3145,1
NE,Buffalo,46102,11
NE,Burt,6858,3
NE,Butler,8395,3
NE,Cass,25241,6
NE,Cedar,8852,2
NE,Chase,3966,1
NE,Cherry,5713,2
NE,Cheyenne,9998,3
NE,Clay,6542,2
NE,Colfax,10515,3
NE,Cuming,9139,3
NE,Custer,10939,4
NE,Dakota,21006,4
NE,Dawes,9182,2
NE,Dawson,24326,7
NE,Deuel,1941,1
NE,Dixon,6000,2
NE,Dodge,36691,9
NE,Douglas,517110,156
NE,Dundy,2008,1
NE,Fillmore,5890,2
NE,Franklin,3225,2
NE,Frontier,2756,1
NE,Furnas,4959,1
NE,Gage,22311,7
NE,Garden,2057,1
NE,Garfield,2049,1
NE,Gosper,2044,1
NE,Grant,614,1
NE,Greeley,2538,1
NE,Hall,58607,14
NE,Hamilton,9124,3
NE,Harlan,3423,1
NE,Hayes,967,1
NE,Hitchcock,2908,1
NE,Holt,10435,4
NE,Hooker,736,1
NE,Howard,6274,2
NE,Jefferson,7547,3
NE,Johnson,5217,2
NE,Kearney,6489,2
NE,Keith,8368,3
NE,Keya Paha,824,1
NE,Kimball,3821,1
NE,Knox,8701,3
NE,Lancaster,285407,74
NE,Lincoln,36288,8
NE,Logan,763,1
NE,Loup,632,1
NE,McPherson,539,1
NE,Madison,34876,9
NE,Merrick,7845,3
NE,Morrill,5042,1
NE,Nance,3735,1
NE,Nemaha,7248,2
NE,Nuckolls,4500,2
NE,Otoe,15740,5
NE,Pawnee,2773,1
NE,Perkins,2970,1
NE,Phelps,9188,3
NE,Pierce,7266,2
NE,Platte,32237,7
NE,Polk,5406,2
NE,Red Willow,11055,3
NE,Richardson,8363,3
NE,Rock,1526,1
NE,Saline,14200,4
NE,Sarpy,158840,43
NE,Saunders,20780,5
NE,Scotts Bluff,36970,11
NE,Seward,16750,4
NE,Sheridan,5469,2
NE,Sherman,3152,1
NE,Sioux,1311,1
NE,Stanton,6129,2
NE,Thayer,5228,2
NE,Thomas,647,1
NE,Thurston,6940,2
NE,Valley,4260,2
NE,Washington,20234,5
NE,Wayne,9595,2
NE,Webster,3812,2
NE,Wheeler,818,1
NE,York,13665,4
NV,Churchill,24877,7
NV,Clark,1951269,487
NV,Douglas,46997,17
NV,Elko,48818,14
NV,Esmeralda,783,1
NV,Eureka,1987,1
NV,Humboldt,16528,4
NV,Lander,5775,1
NV,Lincoln,5345,2
NV,Lyon,51980,10
NV,Mineral,4772,2
NV,Nye,43946,10
NV,Pershing,6753,1
NV,Storey,4010,1
NV,Washoe,421407,112
NV,White Pine,10030,3
NV,Carson City,55274,14
NH,Belknap,60088,15
NH,Carroll,47818,11
NH,Cheshire,77117,16
NH,Coos,33055,11
NH,Grafton,89118,19
NH,Hillsborough,400721,86
NH,Merrimack,146445,36
NH,Rockingham,295223,66
NH,Strafford,123143,25
NH,Sullivan,43742,10
NJ,Atlantic,274549,69
NJ,Bergen,905116,179
NJ,Burlington,448734,114
NJ,Camden,513657,127
NJ,Cape May,97265,32
NJ,Cumberland,156898,35
NJ,Essex,783969,210
NJ,Gloucester,288288,63
NJ,Hudson,634266,166
NJ,Hunterdon,128349,26
NJ,Mercer,366513,77
NJ,Middlesex,809858,175
NJ,Monmouth,630380,144
NJ,Morris,492276,100
NJ,Ocean,576567,126
NJ,Passaic,501226,100
NJ,Salem,66083,24
NJ,Somerset,323444,68
NJ,Sussex,149265,41
NJ,Union,536499,108
NJ,Warren,108692,23
NM,Bernalillo,662564,153
NM,Catron,3725,1
NM,Chaves,65645,16
NM,Cibola,27213,7
NM,Colfax,13750,3
NM,Curry,48376,12
NM,De Baca,2022,1
NM,Dona Ana,209233,41
NM,Eddy,53829,12
NM,Grant,29514,8
NM,Guadalupe,4687,1
NM,Harding,695,1
NM,Hidalgo,4894,2
NM,Lea,64727,18
NM,Lincoln,20497,5
NM,Los Alamos,17950,4
NM,Luna,25095,6
NM,McKinley,71492,17
NM,Mora,4881,1
NM,Otero,63797,16
NM,Quay,9041,3
NM,Rio Arriba,40246,9
NM,Roosevelt,19846,5
NM,Sandoval,131561,28
NM,San Juan,130044,33
NM,San Miguel,29393,7
NM,Santa Fe,144170,50
NM,Sierra,11988,4
NM,Socorro,17866,6
NM,Taos,32937,6
NM,Torrance,16383,4
NM,Union,4549,1
NM,Valencia,76569,18
NY,Albany,304204,75
NY,Allegany,48946,13
NY,Bronx,1385108,339
NY,Broome,200600,55
NY,Cattaraugus,80317,21
NY,Cayuga,80026,20
NY,Chautauqua,134905,35
NY,Chemung,88830,22
NY,Chenango,50477,12
NY,Clinton,82128,19
NY,Columbia,63096,21
NY,Cortland,49336,12
NY,Delaware,47980,14
NY,Dutchess,297488,79
NY,Erie,919040,237
NY,Essex,39370,13
NY,Franklin,51599,14
NY,Fulton,55531,15
NY,Genesee,60079,15
NY,Greene,49221,15
NY,Hamilton,4836,4
NY,Herkimer,64519,19
NY,Jefferson,116229,26
NY,Kings,2504700,760
NY,Lewis,27087,7
NY,Livingston,65393,15
NY,Madison,73442,16
NY,Monroe,744344,192
NY,Montgomery,50219,16
NY,Nassau,1339532,280
NY,New York,1585873,288
NY,Niagara,216469,61
NY,Oneida,234878,74
NY,Onondaga,467026,140
NY,Ontario,107931,25
NY,Orange,372813,79
NY,Orleans,42883,11
NY,Oswego,122109,29
NY,Otsego,62259,17
NY,Putnam,99710,19
NY,Queens,2230722,669
NY,Rensselaer,159429,42
NY,Richmond,468730,109
NY,Rockland,311687,65
NY,St. Lawrence,111944,28
NY,Saratoga,219607,50
NY,Schenectady,154727,43
NY,Schoharie,32749,8
NY,Schuyler,18343,5
NY,Seneca,35251,10
NY,Steuben,98990,30
NY,Suffolk,1493350,322
NY,Sullivan,77547,24
NY,Tioga,51125,10
NY,Tompkins,101564,23
NY,Ulster,182493,47
NY,Warren,65707,19
NY,Washington,63216,17
NY,Wayne,93772,23
NY,Westchester,949113,223
NY,Wyoming,42155,11
NY,Yates,25348,5
NC,Alamance,151131,36
NC,Alexander,37198,7
NC,Alleghany,11155,3
NC,Anson,26948,6
NC,Ashe,27281,6
NC,Avery,17797,5
NC,Beaufort,47759,11
NC,Bertie,21282,4
NC,Bladen,35190,6
NC,Brunswick,107431,33
NC,Buncombe,238318,56
NC,Burke,90912,18
NC,Cabarrus,178011,37
NC,Caldwell,83029,17
NC,Camden,9980,2
NC,Carteret,66469,38
NC,Caswell,23719,6
NC,Catawba,154358,31
NC,Chatham,63505,13
NC,Cherokee,27444,7
NC,Chowan,14793,3
NC,Clay,10587,2
NC,Cleveland,98078,22
NC,Columbus,58098,13
NC,Craven,103505,21
NC,Cumberland,319431,68
NC,Currituck,23547,8
NC,Dare,33920,11
NC,Davidson,162878,34
NC,Davie,41240,7
NC,Duplin,58505,11
NC,Durham,267587,60
NC,Edgecombe,56552,14
NC,Forsyth,350670,93
NC,Franklin,60619,12
NC,Gaston,206086,65
NC,Gates,12197,3
NC,Graham,8861,3
NC,Granville,59916,13
NC,Greene,21362,4
NC,Guilford,488406,119
NC,Halifax,54691,12
NC,Harnett,114678,27
NC,Haywood,59036,16
NC,Henderson,106740,27
NC,Hertford,24669,5
NC,Hoke,46952,9
NC,Hyde,5810,2
NC,Iredell,159437,44
NC,Jackson,40271,9
NC,Johnston,168878,25
NC,Jones,10153,3
NC,Lee,57866,13
NC,Lenoir,59495,15
NC,Lincoln,78265,18
NC,McDowell,44996,10
NC,Macon,33922,9
NC,Madison,20764,6
NC,Martin,24505,6
NC,Mecklenburg,919628,233
NC,Mitchell,15579,4
NC,Montgomery,27798,6
NC,Moore,88247,18
NC,Nash,95840,18
NC,New Hanover,202667,45
NC,Northampton,22099,5
NC,Onslow,177772,32
NC,Orange,133801,28
NC,Pamlico,13144,4
NC,Pasquotank,40661,10
NC,Pender,52217,16
NC,Perquimans,13453,3
NC,Person,39464,7
NC,Pitt,168148,32
NC,Polk,20510,7
NC,Randolph,141752,28
NC,Richmond,46639,11
NC,Robeson,134168,31
NC,Rockingham,93643,21
NC,Rowan,138428,30
NC,Rutherford,67810,13
NC,Sampson,63431,11
NC,Scotland,36157,7
NC,Stanly,60585,13
NC,Stokes,47401,9
NC,Surry,73673,22
NC,Swain,13981,5
NC,Transylvania,33090,7
NC,Tyrrell,4407,1
NC,Union,201292,41
NC,Vance,45422,10
NC,Wake,900993,187
NC,Warren,20972,6
NC,Washington,13228,3
NC,Watauga,51079,13
NC,Wayne,122623,26
NC,Wilkes,69340,14
NC,Wilson,81234,19
NC,Yadkin,38406,7
NC,Yancey,17818,5
ND,Adams,2343,1
ND,Barnes,11066,4
ND,Benson,6660,4
ND,Billings,783,1
ND,Bottineau,6429,3
ND,Bowman,3151,2
ND,Burke,1968,1
ND,Burleigh,81308,19
ND,Cass,149778,33
ND,Cavalier,3993,2
ND,Dickey,5289,3
ND,Divide,2071,1
ND,Dunn,3536,1
ND,Eddy,2385,1
ND,Emmons,3550,1
ND,Foster,3343,1
ND,Golden Valley,1680,1
ND,Grand Forks,66861,18
ND,Grant,2394,1
ND,Griggs,2420,1
ND,Hettinger,2477,2
ND,Kidder,2435,1
ND,LaMoure,4139,2
ND,Logan,1990,1
ND,McHenry,5395,2
ND,McIntosh,2809,1
ND,McKenzie,6360,4
ND,McLean,8962,2
ND,Mercer,8424,3
ND,Morton,27471,5
ND,Mountrail,7673,3
ND,Nelson,3126,1
ND,Oliver,1846,1
ND,Pembina,7413,5
ND,Pierce,4357,2
ND,Ramsey,11451,3
ND,Ransom,5457,3
ND,Renville,2470,1
ND,Richland,16321,6
ND,Rolette,13937,4
ND,Sargent,3829,2
ND,Sheridan,1321,1
ND,Sioux,4153,2
ND,Slope,727,1
ND,Stark,24199,8
ND,Steele,1975,1
ND,Stutsman,21100,6
ND,Towner,2246,1
ND,Traill,8121,4
ND,Walsh,11119,6
ND,Ward,61675,13
ND,Wells,4207,2
ND,Williams,22398,7
OH,Adams,28550,6
OH,Allen,106331,33
OH,Ashland,53139,11
OH,Ashtabula,101497,25
OH,Athens,64757,15
OH,Auglaize,45949,11
OH,Belmont,70400,20
OH,Brown,44846,9
OH,Butler,368130,80
OH,Carroll,28836,7
OH,Champaign,40097,10
OH,Clark,138333,44
OH,Clermont,197363,40
OH,Clinton,42040,9
OH,Columbiana,107841,24
OH,Coshocton,36901,10
OH,Crawford,43784,13
OH,Cuyahoga,1280122,447
OH,Darke,52959,12
OH,Defiance,39037,9
OH,Delaware,174214,35
OH,Erie,77079,19
OH,Fairfield,146156,28
OH,Fayette,29030,7
OH,Franklin,1163414,284
OH,Fulton,42698,9
OH,Gallia,30934,7
OH,Geauga,93389,21
OH,Greene,161573,35
OH,Guernsey,40087,10
OH,Hamilton,802374,222
OH,Hancock,74782,13
OH,Hardin,32058,7
OH,Harrison,15864,5
OH,Henry,28215,7
OH,Highland,43589,9
OH,Hocking,29380,7
OH,Holmes,42366,8
OH,Huron,59626,13
OH,Jackson,33225,7
OH,Jefferson,69709,23
OH,Knox,60921,12
OH,Lake,230041,59
OH,Lawrence,62450,16
OH,Licking,166492,32
OH,Logan,45858,11
OH,Lorain,301356,73
OH,Lucas,441815,127
OH,Madison,43435,12
OH,Mahoning,238823,70
OH,Marion,66501,18
OH,Medina,172332,37
OH,Meigs,23770,6
OH,Mercer,40814,9
OH,Miami,102506,21
OH,Monroe,14642,4
OH,Montgomery,535153,153
OH,Morgan,15054,4
OH,Morrow,34827,6
OH,Muskingum,86074,19
OH,Noble,14645,3
OH,Ottawa,41428,13
OH,Paulding,19614,5
OH,Perry,36058,6
OH,Pickaway,55698,13
OH,Pike,28709,6
OH,Portage,161419,35
OH,Preble,42270,12
OH,Putnam,34499,7
OH,Richland,124475,30
OH,Ross,78064,17
OH,Sandusky,60944,15
OH,Scioto,79499,20
OH,Seneca,56745,14
OH,Shelby,49423,10
OH,Stark,375586,86
OH,Summit,541781,135
OH,Trumbull,210312,55
OH,Tuscarawas,92582,21
OH,Union,52300,10
OH,Van Wert,28744,9
OH,Vinton,13435,3
OH,Warren,212693,33
OH,Washington,61778,16
OH,Wayne,114520,32
OH,Williams,37642,9
OH,Wood,125488,28
OH,Wyandot,22615,6
OK,Adair,22683,5
OK,Alfalfa,5642,3
OK,Atoka,14182,4
OK,Beaver,5636,3
OK,Beckham,22119,4
OK,Blaine,11943,5
OK,Bryan,42416,11
OK,Caddo,29600,8
OK,Canadian,115541,29
OK,Carter,47557,11
OK,Cherokee,46987,9
OK,Choctaw,15205,5
OK,Cimarron,2475,2
OK,Cleveland,255755,62
OK,Coal,5925,2
OK,Comanche,124098,32
OK,Cotton,6193,2
OK,Craig,15029,5
OK,Creek,69967,21
OK,Custer,27469,5
OK,Delaware,41487,9
OK,Dewey,4810,3
OK,Ellis,4151,2
OK,Garfield,60580,12
OK,Garvin,27576,9
OK,Grady,52431,10
OK,Grant,4527,2
OK,Greer,6239,2
OK,Harmon,2922,1
OK,Harper,3685,2
OK,Haskell,12769,4
OK,Hughes,14003,5
OK,Jackson,26446,8
OK,Jefferson,6472,3
OK,Johnston,10957,3
OK,Kay,46562,11
OK,Kingfisher,15034,4
OK,Kiowa,9446,3
OK,Latimer,11154,3
OK,Le Flore,50384,12
OK,Lincoln,34273,7
OK,Logan,41848,8
OK,Love,9423,3
OK,McClain,34506,6
OK,McCurtain,33151,8
OK,McIntosh,20252,6
OK,Major,7527,3
OK,Marshall,15840,4
OK,Mayes,41259,9
OK,Murray,13488,3
OK,Muskogee,70990,16
OK,Noble,11561,4
OK,Nowata,10536,4
OK,Okfuskee,12191,4
OK,Oklahoma,718633,241
OK,Okmulgee,40069,10
OK,Osage,47472,11
OK,Ottawa,31848,9
OK,Pawnee,16577,5
OK,Payne,77350,17
OK,Pittsburg,45837,13
OK,Pontotoc,37492,10
OK,Pottawatomie,69442,16
OK,Pushmataha,11572,3
OK,Roger Mills,3647,1
OK,Rogers,86905,28
OK,Seminole,25482,9
OK,Sequoyah,42391,9
OK,Stephens,45048,11
OK,Texas,20640,5
OK,Tillman,7992,5
OK,Tulsa,603403,175
OK,Wagoner,73085,22
OK,Washington,50976,13
OK,Washita,11629,4
OK,Woods,8878,3
OK,Woodward,20081,5
OR,Baker,16134,6
OR,Benton,85579,18
OR,Clackamas,375992,80
OR,Clatsop,37039,12
OR,Columbia,49351,10
OR,Coos,63043,13
OR,Crook,20978,4
OR,Curry,22364,6
OR,Deschutes,157733,24
OR,Douglas,107667,22
OR,Gilliam,1871,1
OR,Grant,7445,2
OR,Harney,7422,2
OR,Hood River,22346,4
OR,Jackson,203206,41
OR,Jefferson,21720,6
OR,Josephine,82713,16
OR,Klamath,66380,20
OR,Lake,7895,2
OR,Lane,351715,86
OR,Lincoln,46034,18
OR,Linn,116672,21
OR,Malheur,31313,8
OR,Marion,315335,58
OR,Morrow,11173,2
OR,Multnomah,735334,171
OR,Polk,75403,12
OR,Sherman,1765,1
OR,Tillamook,25250,8
OR,Umatilla,75889,15
OR,Union,25748,8
OR,Wallowa,7008,3
OR,Wasco,25213,8
OR,Washington,529710,104
OR,Wheeler,1441,1
OR,Yamhill,99193,17
PA,Adams,101407,23
PA,Allegheny,1223348,402
PA,Armstrong,68941,19
PA,Beaver,170539,51
PA,Bedford,49762,11
PA,Berks,411442,90
PA,Blair,127089,34
PA,Bradford,62622,14
PA,Bucks,625249,143
PA,Butler,183862,44
PA,Cambria,143679,42
PA,Cameron,5085,2
PA,Carbon,65249,12
PA,Centre,153990,31
PA,Chester,498886,116
PA,Clarion,39988,10
PA,Clearfield,81642,20
PA,Clinton,39238,9
PA,Columbia,67295,15
PA,Crawford,88765,23
PA,Cumberland,235406,49
PA,Dauphin,268100,65
PA,Delaware,558979,144
PA,Elk,31946,9
PA,Erie,280566,72
PA,Fayette,136606,36
PA,Forest,7716,3
PA,Franklin,149618,27
PA,Fulton,14845,3
PA,Greene,38686,9
PA,Huntingdon,45913,12
PA,Indiana,88880,23
PA,Jefferson,45200,13
PA,Juniata,24636,5
PA,Lackawanna,214437,59
PA,Lancaster,519445,98
PA,Lawrence,91108,28
PA,Lebanon,133568,31
PA,Lehigh,349497,76
PA,Luzerne,320918,104
PA,Lycoming,116111,29
PA,McKean,43450,12
PA,Mercer,116638,30
PA,Mifflin,46682,12
PA,Monroe,169842,33
PA,Montgomery,799874,211
PA,Montour,18267,4
PA,Northampton,297735,68
PA,Northumberland,94528,24
PA,Perry,45969,10
PA,Philadelphia,1526006,384
PA,Pike,57369,18
PA,Potter,17457,5
PA,Schuylkill,148289,40
PA,Snyder,39702,8
PA,Somerset,77742,21
PA,Sullivan,6428,2
PA,Susquehanna,43356,11
PA,Tioga,41981,10
PA,Union,44947,10
PA,Venango,54984,16
PA,Warren,41815,13
PA,Washington,207820,59
PA,Wayne,52822,14
PA,Westmoreland,365169,100
PA,Wyoming,28276,7
PA,York,434972,90
RI,Bristol,49875,11
RI,Kent,166158,39
RI,Newport,82888,22
RI,Providence,626667,141
RI,Washington,126979,29
SC,Abbeville,25417,6
SC,Aiken,160099,33
SC,Allendale,10419,3
SC,Anderson,187126,39
SC,Bamberg,15987,4
SC,Barnwell,22621,6
SC,Beaufort,162233,41
SC,Berkeley,177843,45
SC,Calhoun,15175,3
SC,Charleston,350209,86
SC,Cherokee,55342,13
SC,Chester,33140,11
SC,Chesterfield,46734,10
SC,Clarendon,34971,12
SC,Colleton,38892,10
SC,Darlington,68681,16
SC,Dillon,32062,6
SC,Dorchester,136555,25
SC,Edgefield,26985,6
SC,Fairfield,23956,5
SC,Florence,136885,33
SC,Georgetown,60158,15
SC,Greenville,451225,111
SC,Greenwood,69661,14
SC,Hampton,21090,5
SC,Horry,269291,72
SC,Jasper,24777,5
SC,Kershaw,61697,15
SC,Lancaster,76652,14
SC,Laurens,66537,17
SC,Lee,19220,7
SC,Lexington,262391,74
SC,McCormick,10233,3
SC,Marion,33062,8
SC,Marlboro,28933,7
SC,Newberry,37508,8
SC,Oconee,74273,15
SC,Orangeburg,92501,20
SC,Pickens,119224,28
SC,Richland,384504,89
SC,Saluda,19875,5
SC,Spartanburg,284307,69
SC,Sumter,107456,23
SC,Union,28961,9
SC,Williamsburg,34423,11
SC,York,226073,46
SD,Aurora,2710,1
SD,Beadle,17398,6
SD,Bennett,3431,2
SD,Bon Homme,7070,2
SD,Brookings,31965,6
SD,Brown,36531,8
SD,Brule,5255,2
SD,Buffalo,1912,1
SD,Butte,10110,2
SD,Campbell,1466,1
SD,Charles Mix,9129,3
SD,Clark,3691,1
SD,Clay,13864,3
SD,Codington,27227,7
SD,Corson,4050,2
SD,Custer,8216,2
SD,Davison,19504,4
SD,Day,5710,3
SD,Deuel,4364,2
SD,Dewey,5301,2
SD,Douglas,3002,1
SD,Edmunds,4071,2
SD,Fall River,7094,2
SD,Faulk,2364,1
SD,Grant,7356,2
SD,Gregory,4271,2
SD,Haakon,1937,1
SD,Hamlin,5903,2
SD,Hand,3431,2
SD,Hanson,3331,1
SD,Harding,1255,1
SD,Hughes,17022,4
SD,Hutchinson,7343,3
SD,Hyde,1420,1
SD,Jackson,3031,2
SD,Jerauld,2071,1
SD,Jones,1006,1
SD,Kingsbury,5148,2
SD,Lake,11200,3
SD,Lawrence,24097,5
SD,Lincoln,44828,11
SD,Lyman,3755,2
SD,McCook,5618,2
SD,McPherson,2459,1
SD,Marshall,4656,1
SD,Meade,25434,5
SD,Mellette,2048,1
SD,Miner,2389,1
SD,Minnehaha,169468,42
SD,Moody,6486,2
SD,Pennington,100948,23
SD,Perkins,2982,1
SD,Potter,2329,1
SD,Roberts,10149,4
SD,Sanborn,2355,1
SD,Shannon,13586,3
SD,Spink,6415,3
SD,Stanley,2966,1
SD,Sully,1373,1
SD,Todd,9612,2
SD,Tripp,5644,2
SD,Turner,8347,2
SD,Union,14399,3
SD,Walworth,5438,2
SD,Yankton,22438,5
SD,Ziebach,2801,1
TN,Anderson,75129,18
TN,Bedford,45058,9
TN,Benton,16489,5
TN,Bledsoe,12876,3
TN,Blount,123010,28
TN,Bradley,98963,19
TN,Campbell,40716,11
TN,Cannon,13801,3
TN,Carroll,28522,8
TN,Carter,57424,17
TN,Cheatham,39105,9
TN,Chester,17131,3
TN,Claiborne,32213,9
TN,Clay,7861,2
TN,Cocke,35662,9
TN,Coffee,52796,12
TN,Crockett,14586,5
TN,Cumberland,56053,14
TN,Davidson,626681,161
TN,Decatur,11757,4
TN,DeKalb,18723,4
TN,Dickson,49666,10
TN,Dyer,38335,8
TN,Fayette,38413,11
TN,Fentress,17959,4
TN,Franklin,41052,9
TN,Gibson,49683,14
TN,Giles,29485,8
TN,Grainger,22657,5
TN,Greene,68831,15
TN,Grundy,13703,4
TN,Hamblen,62544,12
TN,Hamilton,336463,82
TN,Hancock,6819,2
TN,Hardeman,27253,6
TN,Hardin,26026,6
TN,Hawkins,56833,13
TN,Haywood,18787,6
TN,Henderson,27769,6
TN,Henry,32330,9
TN,Hickman,24690,6
TN,Houston,8426,3
TN,Humphreys,18538,5
TN,Jackson,11638,4
TN,Jefferson,51407,9
TN,Johnson,18244,5
TN,Knox,432226,112
TN,Lake,7832,2
TN,Lauderdale,27815,9
TN,Lawrence,41869,11
TN,Lewis,12161,2
TN,Lincoln,33361,9
TN,Loudon,48556,10
TN,McMinn,52266,10
TN,McNairy,26075,7
TN,Macon,22248,4
TN,Madison,98294,27
TN,Marion,28237,6
TN,Marshall,30617,6
TN,Maury,80956,17
TN,Meigs,11753,3
TN,Monroe,44519,7
TN,Montgomery,172331,39
TN,Moore,6362,2
TN,Morgan,21987,5
TN,Obion,31807,10
TN,Overton,22083,7
TN,Perry,7915,2
TN,Pickett,5077,1
TN,Polk,16825,5
TN,Putnam,72321,15
TN,Rhea,31809,6
TN,Roane,54181,11
TN,Robertson,66283,14
TN,Rutherford,262604,49
TN,Scott,22228,5
TN,Sequatchie,14112,3
TN,Sevier,89889,18
TN,Shelby,927644,221
TN,Smith,19166,5
TN,Stewart,13324,5
TN,Sullivan,156823,39
TN,Sumner,160645,42
TN,Tipton,61081,13
TN,Trousdale,7870,2
TN,Unicoi,18313,4
TN,Union,19109,4
TN,Van Buren,5548,2
TN,Warren,39839,9
TN,Washington,122979,23
TN,Wayne,17021,4
TN,Weakley,35021,11
TN,White,25841,6
TN,Williamson,183182,37
TN,Wilson,113993,21
TX,Anderson,58458,11
TX,Andrews,14786,4
TX,Angelina,86771,17
TX,Aransas,23158,5
TX,Archer,9054,3
TX,Armstrong,1901,1
TX,Atascosa,44911,8
TX,Austin,28417,6
TX,Bailey,7165,1
TX,Bandera,20485,5
TX,Bastrop,74171,10
TX,Baylor,3726,1
TX,Bee,31861,7
TX,Bell,310235,65
TX,Bexar,1714773,366
TX,Blanco,10497,2
TX,Borden,641,1
TX,Bosque,18212,7
TX,Bowie,92565,18
TX,Brazoria,313166,51
TX,Brazos,194851,42
TX,Brewster,9232,3
TX,Briscoe,1637,1
TX,Brooks,7223,2
TX,Brown,38106,12
TX,Burleson,17187,5
TX,Burnet,42750,8
TX,Caldwell,38066,8
TX,Calhoun,21381,6
TX,Callahan,13544,3
TX,Cameron,406220,86
TX,Camp,12401,3
TX,Carson,6182,2
TX,Cass,30464,7
TX,Castro,8062,3
TX,Chambers,35096,6
TX,Cherokee,50845,12
TX,Childress,7041,2
TX,Clay,10752,3
TX,Cochran,3127,1
TX,Coke,3320,2
TX,Coleman,8895,3
TX,Collin,782341,152
TX,Collingsworth,3057,1
TX,Colorado,20874,5
TX,Comal,108472,24
TX,Comanche,13974,4
TX,Concho,4087,1
TX,Cooke,38437,8
TX,Coryell,75388,19
TX,Cottle,1505,1
TX,Crane,4375,1
TX,Crockett,3719,1
TX,Crosby,6059,3
TX,Culberson,2398,1
TX,Dallam,6703,2
TX,Dallas,2368139,529
TX,Dawson,13833,4
TX,Deaf Smith,19372,4
TX,Delta,5231,2
TX,Denton,662614,137
TX,DeWitt,20097,5
TX,Dickens,2444,1
TX,Dimmit,9996,2
TX,Donley,3677,2
TX,Duval,11782,3
TX,Eastland,18583,5
TX,Ector,137130,28
TX,Edwards,2002,1
TX,Ellis,149610,31
TX,El Paso,800647,161
TX,Erath,37890,8
TX,Falls,17866,6
TX,Fannin,33915,9
TX,Fayette,24554,7
TX,Fisher,3974,2
TX,Floyd,6446,2
TX,Foard,1336,1
TX,Fort Bend,585375,76
TX,Franklin,10605,3
TX,Freestone,19816,7
TX,Frio,17217,3
TX,Gaines,17526,3
TX,Galveston,291309,67
TX,Garza,6461,1
TX,Gillespie,24837,5
TX,Glasscock,1226,1
TX,Goliad,7210,2
TX,Gonzales,19807,6
TX,Gray,22535,7
TX,Grayson,120877,26
TX,Gregg,121730,25
TX,Grimes,26604,6
TX,Guadalupe,131533,29
TX,Hale,36273,9
TX,Hall,3353,1
TX,Hamilton,8517,3
TX,Hansford,5613,2
TX,Hardeman,4139,1
TX,Hardin,54635,11
TX,Harris,4092459,786
TX,Harrison,65631,14
TX,Hartley,6062,1
TX,Haskell,5899,2
TX,Hays,157107,25
TX,Hemphill,3807,1
TX,Henderson,78532,17
TX,Hidalgo,774769,113
TX,Hill,35089,11
TX,Hockley,22935,7
TX,Hood,51182,10
TX,Hopkins,35161,9
TX,Houston,23732,7
TX,Howard,35012,10
TX,Hudspeth,3476,1
TX,Hunt,86129,19
TX,Hutchinson,22150,7
TX,Irion,1599,1
TX,Jack,9044,3
TX,Jackson,14075,3
TX,Jasper,35710,8
TX,Jeff Davis,2342,1
TX,Jefferson,252273,72
TX,Jim Hogg,5300,2
TX,Jim Wells,40838,7
TX,Johnson,150934,28
TX,Jones,20202,6
TX,Karnes,14824,4
TX,Kaufman,103350,18
TX,Kendall,33410,6
TX,Kenedy,416,1
TX,Kent,808,1
TX,Kerr,49625,10
TX,Kimble,4607,2
TX,King,286,1
TX,Kinney,3598,1
TX,Kleberg,32061,6
TX,Knox,3719,2
TX,Lamar,49793,12
TX,Lamb,13977,5
TX,Lampasas,19677,5
TX,La Salle,6886,1
TX,Lavaca,19263,6
TX,Lee,16612,4
TX,Leon,16801,3
TX,Liberty,75643,14
TX,Limestone,23384,8
TX,Lipscomb,3302,2
TX,Live Oak,11531,4
TX,Llano,19301,6
TX,Loving,82,1
TX,Lubbock,278831,68
TX,Lynn,5915,3
TX,McCulloch,8283,3
TX,McLennan,234906,51
TX,McMullen,707,1
TX,Madison,13664,4
TX,Marion,10546,4
TX,Martin,4799,2
TX,Mason,4012,2
TX,Matagorda,36702,10
TX,Maverick,54258,9
TX,Medina,46006,8
TX,Menard,2242,1
TX,Midland,136872,27
TX,Milam,24757,7
TX,Mills,4936,2
TX,Mitchell,9403,2
TX,Montague,19719,6
TX,Montgomery,455746,59
TX,Moore,21904,4
TX,Morris,12934,3
TX,Motley,1210,1
TX,Nacogdoches,64524,13
TX,Navarro,47735,10
TX,Newton,14445,4
TX,Nolan,15216,5
TX,Nueces,340223,81
TX,Ochiltree,10223,3
TX,Oldham,2052,1
TX,Orange,81837,21
TX,Palo Pinto,28111,9
TX,Panola,23796,6
TX,Parker,116927,19
TX,Parmer,10269,2
TX,Pecos,15507,4
TX,Polk,45413,10
TX,Potter,121073,34
TX,Presidio,7818,2
TX,Rains,10914,2
TX,Randall,120725,29
TX,Reagan,3367,1
TX,Real,3309,1
TX,Red River,12860,4
TX,Reeves,13783,5
TX,Refugio,7383,2
TX,Roberts,929,1
TX,Robertson,16622,5
TX,Rockwall,78337,11
TX,Runnels,10501,4
TX,Rusk,53330,13
TX,Sabine,10834,3
TX,San Augustine,8865,3
TX,San Jacinto,26384,4
TX,San Patricio,64804,16
TX,San Saba,6131,2
TX,Schleicher,3461,1
TX,Scurry,16921,4
TX,Shackelford,3378,1
TX,Shelby,25448,6
TX,Sherman,3034,1
TX,Smith,209714,41
TX,Somervell,8490,2
TX,Starr,60968,15
TX,Stephens,9630,3
TX,Sterling,1143,1
TX,Stonewall,1490,1
TX,Sutton,4128,1
TX,Swisher,7854,3
TX,Tarrant,1809034,357
TX,Taylor,131506,38
TX,Terrell,984,1
TX,Terry,12651,3
TX,Throckmorton,1641,1
TX,Titus,32334,8
TX,Tom Green,110224,25
TX,Travis,1024266,218
TX,Trinity,14585,5
TX,Tyler,21766,5
TX,Upshur,39309,7
TX,Upton,3355,2
TX,Uvalde,26405,5
TX,Val Verde,48879,10
TX,Van Zandt,52579,10
TX,Victoria,86793,23
TX,Walker,67861,10
TX,Waller,43205,6
TX,Ward,10658,3
TX,Washington,33718,6
TX,Webb,250304,61
TX,Wharton,41280,11
TX,Wheeler,5410,2
TX,Wichita,131500,37
TX,Wilbarger,13535,4
TX,Willacy,22134,6
TX,Williamson,422679,89
TX,Wilson,42918,11
TX,Winkler,7110,3
TX,Wise,59127,11
TX,Wood,41964,10
TX,Yoakum,7879,2
TX,Young,18550,4
TX,Zapata,14018,3
TX,Zavala,11677,4
UT,Beaver,6629,2
UT,Box Elder,49975,11
UT,Cache,112656,26
UT,Carbon,21403,5
UT,Daggett,1059,1
UT,Davis,306479,54
UT,Duchesne,18607,3
UT,Emery,10976,3
UT,Garfield,5172,2
UT,Grand,9225,2
UT,Iron,46163,8
UT,Juab,10246,2
UT,Kane,7125,2
UT,Millard,12503,3
UT,Morgan,9469,2
UT,Piute,1556,1
UT,Rich,2264,1
UT,Salt Lake,1029655,212
UT,San Juan,14746,4
UT,Sanpete,27822,5
UT,Sevier,20802,5
UT,Summit,36324,13
UT,Tooele,58218,11
UT,Uintah,32588,6
UT,Utah,516564,128
UT,Wasatch,23530,4
UT,Washington,138115,21
UT,Wayne,2778,1
UT,Weber,231236,50
VT,Addison,36821,10
VT,Bennington,37125,12
VT,Caledonia,31227,10
VT,Chittenden,156545,35
VT,Essex,6306,3
VT,Franklin,47746,10
VT,Grand Isle,6970,2
VT,Lamoille,24475,7
VT,Orange,28936,10
VT,Orleans,27231,10
VT,Rutland,61642,20
VT,Washington,59534,19
VT,Windham,44513,18
VT,Windsor,56670,18
VA,Accomack,33164,11
VA,Albemarle,98970,22
VA,Alleghany,16250,6
VA,Amelia,12690,2
VA,Amherst,32353,9
VA,Appomattox,14973,3
VA,Arlington,207627,59
VA,Augusta,73750,13
VA,Bath,4731,1
VA,Bedford,68676,16
VA,Bland,6824,2
VA,Botetourt,33148,8
VA,Brunswick,17434,5
VA,Buchanan,24098,7
VA,Buckingham,17146,4
VA,Campbell,54842,12
VA,Caroline,28545,7
VA,Carroll,30042,7
VA,Charles City,7256,3
VA,Charlotte,12586,3
VA,Chesterfield,316236,71
VA,Clarke,14034,3
VA,Craig,5190,1
VA,Culpeper,46689,8
VA,Cumberland,10052,2
VA,Dickenson,15903,4
VA,Dinwiddie,28001,7
VA,Essex,11151,3
VA,Fairfax,1081726,258
VA,Fauquier,65203,17
VA,Floyd,15279,3
VA,Fluvanna,25691,4
VA,Franklin,56159,10
VA,Frederick,78305,14
VA,Giles,17286,4
VA,Gloucester,36858,8
VA,Goochland,21717,5
VA,Grayson,15533,5
VA,Greene,18403,3
VA,Greensville,12243,3
VA,Halifax,36241,9
VA,Hanover,99863,23
VA,Henrico,306935,64
VA,Henry,54151,14
VA,Highland,2321,1
VA,Isle of Wight,35270,8
VA,James City,67009,11
VA,King and Queen,6945,2
VA,King George,23584,5
VA,King William,15935,4
VA,Lancaster,11391,3
VA,Lee,25587,6
VA,Loudoun,312311,65
VA,Louisa,33153,6
VA,Lunenburg,12914,3
VA,Madison,13308,2
VA,Mathews,8978,2
VA,Mecklenburg,32727,9
VA,Middlesex,10959,4
VA,Montgomery,94392,16
VA,Nelson,15020,3
VA,New Kent,18429,3
VA,Northampton,12389,4
VA,Northumberland,12330,3
VA,Nottoway,15853,4
VA,Orange,33481,5
VA,Page,24042,5
VA,Patrick,18490,4
VA,Pittsylvania,63506,16
VA,Powhatan,28046,5
VA,Prince Edward,23368,5
VA,Prince George,35725,7
VA,Prince William,402002,83
VA,Pulaski,34872,10
VA,Rappahannock,7373,2
VA,Richmond,9254,2
VA,Roanoke,92376,18
VA,Rockbridge,22307,4
VA,Rockingham,76314,19
VA,Russell,28897,7
VA,Scott,23177,6
VA,Shenandoah,41993,9
VA,Smyth,32208,9
VA,Southampton,18570,5
VA,Spotsylvania,122397,30
VA,Stafford,128961,27
VA,Surry,7058,2
VA,Sussex,12087,5
VA,Tazewell,45078,11
VA,Warren,37575,8
VA,Washington,54876,13
VA,Westmoreland,17454,4
VA,Wise,41452,11
VA,Wythe,29235,6
VA,York,65464,14
VA,Alexandria,139966,38
VA,Bedford City,6222,1
VA,Bristol,17835,4
VA,Buena Vista,6650,1
VA,Charlottesville,43475,12
VA,Chesapeake,222209,41
VA,Colonial Heights,17411,5
VA,Covington,5961,2
VA,Danville,43055,16
VA,Emporia,5927,2
VA,Fairfax City,22565,5
VA,Falls Church,12332,3
VA,Franklin City,8582,2
VA,Fredericksburg,24286,6
VA,Galax,7042,2
VA,Hampton,137436,34
VA,Harrisonburg,48914,11
VA,Hopewell,22591,7
VA,Lexington,7042,1
VA,Lynchburg,75568,19
VA,Manassas,37821,7
VA,Manassas Park,14273,2
VA,Martinsville,13821,5
VA,Newport News,180719,44
VA,Norfolk,242803,81
VA,Norton,3958,1
VA,Petersburg,32420,11
VA,Poquoson,12150,3
VA,Portsmouth,95535,31
VA,Radford,16408,3
VA,Richmond City,204214,66
VA,Roanoke City,97032,23
VA,Salem,24802,5
VA,Staunton,23746,6
VA,Suffolk,84585,28
VA,Virginia Beach,437994,100
VA,Waynesboro,21006,5
VA,Williamsburg,14068,3
VA,Winchester,26203,5
WA,Adams,18728,5
WA,Asotin,21623,6
WA,Benton,175177,37
WA,Chelan,72453,14
WA,Clallam,71404,22
WA,Clark,425363,104
WA,Columbia,4078,1
WA,Cowlitz,102410,24
WA,Douglas,38431,8
WA,Ferry,7551,3
WA,Franklin,78163,13
WA,Garfield,2266,1
WA,Grant,89120,16
WA,Grays Harbor,72797,17
WA,Island,78506,22
WA,Jefferson,29872,7
WA,King,1931249,397
WA,Kitsap,251133,55
WA,Kittitas,40915,8
WA,Klickitat,20318,3
WA,Lewis,75455,20
WA,Lincoln,10570,4
WA,Mason,60699,14
WA,Okanogan,41120,10
WA,Pacific,20920,8
WA,Pend Oreille,13001,5
WA,Pierce,795225,172
WA,San Juan,15769,5
WA,Skagit,116901,30
WA,Skamania,11066,5
WA,Snohomish,713335,151
WA,Spokane,471221,105
WA,Stevens,43531,12
WA,Thurston,252264,49
WA,Wahkiakum,3978,1
WA,Walla Walla,58781,12
WA,Whatcom,201140,34
WA,Whitman,44776,10
WA,Yakima,243231,45
WV,Barbour,16589,4
WV,Berkeley,104169,14
WV,Boone,24629,8
WV,Braxton,14523,3
WV,Brooke,24069,6
WV,Cabell,96319,29
WV,Calhoun,7627,2
WV,Clay,9386,3
WV,Doddridge,8202,2
WV,Fayette,46039,12
WV,Gilmer,8693,2
WV,Grant,11937,3
WV,Greenbrier,35480,7
WV,Hampshire,23964,5
WV,Hancock,30676,8
WV,Hardy,14025,3
WV,Harrison,69099,22
WV,Jackson,29211,6
WV,Jefferson,53498,15
WV,Kanawha,193063,53
WV,Lewis,16372,5
WV,Lincoln,21720,5
WV,Logan,36743,9
WV,McDowell,22113,8
WV,Marion,56418,18
WV,Marshall,33107,9
WV,Mason,27324,6
WV,Mercer,62264,16
WV,Mineral,28212,7
WV,Mingo,26839,7
WV,Monongalia,96189,24
WV,Monroe,13502,3
WV,Morgan,17541,4
WV,Nicholas,26233,7
WV,Ohio,44443,18
WV,Pendleton,7695,3
WV,Pleasants,7605,2
WV,Pocahontas,8719,4
WV,Preston,33520,8
WV,Putnam,55486,10
WV,Raleigh,78859,17
WV,Randolph,29405,7
WV,Ritchie,10449,3
WV,Roane,14926,4
WV,Summers,13927,4
WV,Taylor,16895,4
WV,Tucker,7141,3
WV,Tyler,9208,3
WV,Upshur,24254,6
WV,Wayne,42481,11
WV,Webster,9154,3
WV,Wetzel,16583,5
WV,Wirt,5717,2
WV,Wood,86956,26
WV,Wyoming,23796,6
WI,Adams,20875,7
WI,Ashland,16157,7
WI,Barron,45870,10
WI,Bayfield,15014,5
WI,Brown,248007,54
WI,Buffalo,13587,5
WI,Burnett,15457,6
WI,Calumet,48971,11
WI,Chippewa,62415,11
WI,Clark,34690,8
WI,Columbia,56833,12
WI,Crawford,16644,6
WI,Dane,488073,107
WI,Dodge,88759,20
WI,Door,27785,9
WI,Douglas,44159,12
WI,Dunn,43857,8
WI,Eau Claire,98736,20
WI,Florence,4423,2
WI,Fond du Lac,101633,20
WI,Forest,9304,4
WI,Grant,51208,12
WI,Green,36842,8
WI,Green Lake,19051,6
WI,Iowa,23687,6
WI,Iron,5916,3
WI,Jackson,20449,5
WI,Jefferson,83686,20
WI,Juneau,26664,7
WI,Kenosha,166426,35
WI,Kewaunee,20574,4
WI,La Crosse,114638,25
WI,Lafayette,16836,5
WI,Langlade,19977,6
WI,Lincoln,28743,10
WI,Manitowoc,81442,19
WI,Marathon,134063,27
WI,Marinette,41749,12
WI,Marquette,15404,5
WI,Menominee,4232,2
WI,Milwaukee,947735,297
WI,Monroe,44673,9
WI,Oconto,37660,10
WI,Oneida,35998,14
WI,Outagamie,176695,40
WI,Ozaukee,86395,18
WI,Pepin,7469,2
WI,Pierce,41019,8
WI,Polk,44205,10
WI,Portage,70019,14
WI,Price,14159,6
WI,Racine,195408,44
WI,Richland,18021,5
WI,Rock,160331,38
WI,Rusk,14755,5
WI,St. Croix,84345,14
WI,Sauk,61976,13
WI,Sawyer,16557,6
WI,Shawano,41949,11
WI,Sheboygan,115507,26
WI,Taylor,20689,6
WI,Trempealeau,28816,8
WI,Vernon,29773,7
WI,Vilas,21430,5
WI,Walworth,102228,22
WI,Washburn,15911,5
WI,Washington,131887,28
WI,Waukesha,389891,86
WI,Waupaca,52410,12
WI,Waushara,24496,7
WI,Winnebago,166994,41
WI,Wood,74749,17
WY,Albany,36299,10
WY,Big Horn,11668,3
WY,Campbell,46133,7
WY,Carbon,15885,5
WY,Converse,13833,4
WY,Crook,7083,2
WY,Fremont,40123,10
WY,Goshen,13249,4
WY,Hot Springs,4812,2
WY,Johnson,8569,2
WY,Laramie,91738,21
WY,Lincoln,18106,4
WY,Natrona,75450,18
WY,Niobrara,2484,1
WY,Park,28205,5
WY,Platte,8667,2
WY,Sheridan,29116,6
WY,Sublette,10247,2
WY,Sweetwater,43806,12
WY,Teton,21294,4
WY,Uinta,21118,3
WY,Washakie,8533,3
WY,Weston,7208,2
